schedule_id,academic_year,semester,class_code,course_code,course_name,credits,session_date,weekday,week_number,start_period,end_period,start_time,end_time,room,building,instructor,delivery_mode,session_type,status,note
LH0001,2026-2027,HK1,B3D15,CS301,Trí tuệ nhân tạo,3,2026-08-17,Thứ Hai,1,1,3,07:00,09:30,A201,Nhà A,Nguyễn Văn Minh,Trực tiếp,Lý thuyết,Đã lên lịch,
LH0002,2026-2027,HK1,B3D15,CS301,Trí tuệ nhân tạo,3,2026-08-24,Thứ Hai,2,1,3,07:00,09:30,A201,Nhà A,Nguyễn Văn Minh,Trực tiếp,Lý thuyết,Đã lên lịch,
LH0003,2026-2027,HK1,B3D15,CS301,Trí tuệ nhân tạo,3,2026-08-31,Thứ Hai,3,1,3,07:00,09:30,A201,Nhà A,Nguyễn Văn Minh,Trực tiếp,Lý thuyết,Đã lên lịch,
LH0004,2026-2027,HK1,B3D15,CS301,Trí tuệ nhân tạo,3,2026-09-07,Thứ Hai,4,1,3,07:00,09:30,A201,Nhà A,Nguyễn Văn Minh,Trực tiếp,Lý thuyết,Đã lên lịch,
LH0005,2026-2027,HK1,B3D15,CS301,Trí tuệ nhân tạo,3,2026-09-14,Thứ Hai,5,1,3,07:00,09:30,A201,Nhà A,Nguyễn Văn Minh,Trực tiếp,Lý thuyết,Đã lên lịch,
LH0006,2026-2027,HK1,B3D15,CS301,Trí tuệ nhân tạo,3,2026-09-21,Thứ Hai,6,1,3,07:00,09:30,A201,Nhà A,Nguyễn Văn Minh,Trực tiếp,Lý thuyết,Đã lên lịch,
LH0007,2026-2027,HK1,B3D15,CS301,Trí tuệ nhân tạo,3,2026-09-28,Thứ Hai,7,1,3,07:00,09:30,A201,Nhà A,Nguyễn Văn Minh,Trực tiếp,Kiểm tra giữa kỳ,Đã lên lịch,Kiểm tra giữa kỳ tại lớp.
LH0008,2026-2027,HK1,B3D15,CS301,Trí tuệ nhân tạo,3,2026-10-05,Thứ Hai,8,1,3,07:00,09:30,A201,Nhà A,Nguyễn Văn Minh,Trực tiếp,Lý thuyết,Đã lên lịch,
LH0009,2026-2027,HK1,B3D15,CS301,Trí tuệ nhân tạo,3,2026-10-12,Thứ Hai,9,1,3,07:00,09:30,A201,Nhà A,Nguyễn Văn Minh,Trực tiếp,Lý thuyết,Đã lên lịch,
LH0010,2026-2027,HK1,B3D15,CS301,Trí tuệ nhân tạo,3,2026-10-19,Thứ Hai,10,1,3,07:00,09:30,A201,Nhà A,Nguyễn Văn Minh,Trực tiếp,Lý thuyết,Đã lên lịch,
LH0011,2026-2027,HK1,B3D15,CS301,Trí tuệ nhân tạo,3,2026-10-26,Thứ Hai,11,1,3,07:00,09:30,A201,Nhà A,Nguyễn Văn Minh,Trực tiếp,Lý thuyết,Đã lên lịch,
LH0012,2026-2027,HK1,B3D15,CS301,Trí tuệ nhân tạo,3,2026-11-02,Thứ Hai,12,1,3,07:00,09:30,A201,Nhà A,Nguyễn Văn Minh,Trực tiếp,Lý thuyết,Đã lên lịch,
LH0013,2026-2027,HK1,B3D15,CS301,Trí tuệ nhân tạo,3,2026-11-09,Thứ Hai,13,1,3,07:00,09:30,A201,Nhà A,Nguyễn Văn Minh,Trực tiếp,Lý thuyết,Đã lên lịch,
LH0014,2026-2027,HK1,B3D15,CS301,Trí tuệ nhân tạo,3,2026-11-16,Thứ Hai,14,1,3,07:00,09:30,A201,Nhà A,Nguyễn Văn Minh,Trực tiếp,Ôn tập,Đã lên lịch,Ôn tập và giải đáp trước kỳ thi.
LH0015,2026-2027,HK1,B3D15,CS302,Phát triển ứng dụng Web,3,2026-08-18,Thứ Ba,1,4,6,09:40,12:10,B302,Nhà B,Trần Thu Hà,Trực tiếp,Thực hành,Đã lên lịch,
LH0016,2026-2027,HK1,B3D15,CS302,Phát triển ứng dụng Web,3,2026-08-25,Thứ Ba,2,4,6,09:40,12:10,B302,Nhà B,Trần Thu Hà,Trực tiếp,Thực hành,Đã lên lịch,
LH0017,2026-2027,HK1,B3D15,CS302,Phát triển ứng dụng Web,3,2026-09-01,Thứ Ba,3,4,6,09:40,12:10,B302,Nhà B,Trần Thu Hà,Trực tiếp,Thực hành,Đã lên lịch,
LH0018,2026-2027,HK1,B3D15,CS302,Phát triển ứng dụng Web,3,2026-09-08,Thứ Ba,4,4,6,09:40,12:10,B302,Nhà B,Trần Thu Hà,Trực tiếp,Thực hành,Đã lên lịch,
LH0019,2026-2027,HK1,B3D15,CS302,Phát triển ứng dụng Web,3,2026-09-15,Thứ Ba,5,4,6,09:40,12:10,B302,Nhà B,Trần Thu Hà,Trực tiếp,Thực hành,Đã lên lịch,
LH0020,2026-2027,HK1,B3D15,CS302,Phát triển ứng dụng Web,3,2026-09-22,Thứ Ba,6,4,6,09:40,12:10,B302,Nhà B,Trần Thu Hà,Trực tiếp,Thực hành,Đã lên lịch,
LH0021,2026-2027,HK1,B3D15,CS302,Phát triển ứng dụng Web,3,2026-09-29,Thứ Ba,7,4,6,09:40,12:10,B302,Nhà B,Trần Thu Hà,Trực tiếp,Thực hành,Đã lên lịch,
LH0022,2026-2027,HK1,B3D15,CS302,Phát triển ứng dụng Web,3,2026-10-06,Thứ Ba,8,4,6,09:40,12:10,B302,Nhà B,Trần Thu Hà,Trực tiếp,Thực hành,Đã lên lịch,
LH0023,2026-2027,HK1,B3D15,CS302,Phát triển ứng dụng Web,3,2026-10-13,Thứ Ba,9,4,6,09:40,12:10,B302,Nhà B,Trần Thu Hà,Trực tiếp,Thực hành,Đã lên lịch,
LH0024,2026-2027,HK1,B3D15,CS302,Phát triển ứng dụng Web,3,2026-10-20,Thứ Ba,10,4,6,09:40,12:10,B302,Nhà B,Trần Thu Hà,Trực tiếp,Thực hành,Đã lên lịch,
LH0025,2026-2027,HK1,B3D15,CS302,Phát triển ứng dụng Web,3,2026-10-27,Thứ Ba,11,4,6,09:40,12:10,B302,Nhà B,Trần Thu Hà,Trực tiếp,Thực hành,Đã lên lịch,
LH0026,2026-2027,HK1,B3D15,CS302,Phát triển ứng dụng Web,3,2026-11-03,Thứ Ba,12,4,6,09:40,12:10,B302,Nhà B,Trần Thu Hà,Trực tiếp,Thực hành,Đã lên lịch,
LH0027,2026-2027,HK1,B3D15,CS302,Phát triển ứng dụng Web,3,2026-11-10,Thứ Ba,13,4,6,09:40,12:10,B302,Nhà B,Trần Thu Hà,Trực tiếp,Thực hành,Đã lên lịch,
LH0028,2026-2027,HK1,B3D15,CS302,Phát triển ứng dụng Web,3,2026-11-17,Thứ Ba,14,4,6,09:40,12:10,B302,Nhà B,Trần Thu Hà,Trực tiếp,Ôn tập,Đã lên lịch,Ôn tập và giải đáp trước kỳ thi.
LH0029,2026-2027,HK1,B3D15,CS303,Hệ quản trị cơ sở dữ liệu,3,2026-08-19,Thứ Tư,1,1,3,07:00,09:30,B204,Nhà B,Lê Hoàng Anh,Trực tiếp,Lý thuyết,Đã lên lịch,
LH0030,2026-2027,HK1,B3D15,CS303,Hệ quản trị cơ sở dữ liệu,3,2026-08-26,Thứ Tư,2,1,3,07:00,09:30,B204,Nhà B,Lê Hoàng Anh,Trực tiếp,Lý thuyết,Đã lên lịch,
LH0031,2026-2027,HK1,B3D15,CS303,Hệ quản trị cơ sở dữ liệu,3,2026-09-02,Thứ Tư,3,1,3,07:00,09:30,B204,Nhà B,Lê Hoàng Anh,Trực tiếp,Lý thuyết,Nghỉ lễ,Nghỉ Quốc khánh 02/09; học bù theo lịch riêng.
LH0032,2026-2027,HK1,B3D15,CS303,Hệ quản trị cơ sở dữ liệu,3,2026-09-09,Thứ Tư,4,1,3,07:00,09:30,B204,Nhà B,Lê Hoàng Anh,Trực tiếp,Lý thuyết,Đã lên lịch,
LH0033,2026-2027,HK1,B3D15,CS303,Hệ quản trị cơ sở dữ liệu,3,2026-09-16,Thứ Tư,5,1,3,07:00,09:30,B204,Nhà B,Lê Hoàng Anh,Trực tiếp,Lý thuyết,Đã lên lịch,
LH0034,2026-2027,HK1,B3D15,CS303,Hệ quản trị cơ sở dữ liệu,3,2026-09-23,Thứ Tư,6,1,3,07:00,09:30,B204,Nhà B,Lê Hoàng Anh,Trực tiếp,Lý thuyết,Đã lên lịch,
LH0035,2026-2027,HK1,B3D15,CS303,Hệ quản trị cơ sở dữ liệu,3,2026-09-30,Thứ Tư,7,1,3,07:00,09:30,B204,Nhà B,Lê Hoàng Anh,Trực tiếp,Lý thuyết,Đã lên lịch,
LH0036,2026-2027,HK1,B3D15,CS303,Hệ quản trị cơ sở dữ liệu,3,2026-10-07,Thứ Tư,8,1,3,07:00,09:30,B204,Nhà B,Lê Hoàng Anh,Trực tiếp,Lý thuyết,Đã lên lịch,
LH0037,2026-2027,HK1,B3D15,CS303,Hệ quản trị cơ sở dữ liệu,3,2026-10-14,Thứ Tư,9,1,3,07:00,09:30,B204,Nhà B,Lê Hoàng Anh,Trực tiếp,Lý thuyết,Đã lên lịch,
LH0038,2026-2027,HK1,B3D15,CS303,Hệ quản trị cơ sở dữ liệu,3,2026-10-21,Thứ Tư,10,1,3,07:00,09:30,B204,Nhà B,Lê Hoàng Anh,Trực tiếp,Lý thuyết,Đã lên lịch,
LH0039,2026-2027,HK1,B3D15,CS303,Hệ quản trị cơ sở dữ liệu,3,2026-10-28,Thứ Tư,11,1,3,07:00,09:30,B204,Nhà B,Lê Hoàng Anh,Trực tiếp,Lý thuyết,Đã lên lịch,
LH0040,2026-2027,HK1,B3D15,CS303,Hệ quản trị cơ sở dữ liệu,3,2026-11-04,Thứ Tư,12,1,3,07:00,09:30,B204,Nhà B,Lê Hoàng Anh,Trực tiếp,Lý thuyết,Đã lên lịch,
LH0041,2026-2027,HK1,B3D15,CS303,Hệ quản trị cơ sở dữ liệu,3,2026-11-11,Thứ Tư,13,1,3,07:00,09:30,B204,Nhà B,Lê Hoàng Anh,Trực tiếp,Lý thuyết,Đã lên lịch,
LH0042,2026-2027,HK1,B3D15,CS303,Hệ quản trị cơ sở dữ liệu,3,2026-11-18,Thứ Tư,14,1,3,07:00,09:30,B204,Nhà B,Lê Hoàng Anh,Trực tiếp,Ôn tập,Đã lên lịch,Ôn tập và giải đáp trước kỳ thi.
LH0043,2026-2027,HK1,B3D15,CS304,An toàn và bảo mật thông tin,3,2026-08-20,Thứ Năm,1,4,6,09:40,12:10,A305,Nhà A,Phạm Quốc Bảo,Trực tiếp,Lý thuyết,Đã lên lịch,
LH0044,2026-2027,HK1,B3D15,CS304,An toàn và bảo mật thông tin,3,2026-08-27,Thứ Năm,2,4,6,09:40,12:10,A305,Nhà A,Phạm Quốc Bảo,Trực tiếp,Lý thuyết,Đã lên lịch,
LH0045,2026-2027,HK1,B3D15,CS304,An toàn và bảo mật thông tin,3,2026-09-03,Thứ Năm,3,4,6,09:40,12:10,A305,Nhà A,Phạm Quốc Bảo,Trực tiếp,Lý thuyết,Đã lên lịch,
LH0046,2026-2027,HK1,B3D15,CS304,An toàn và bảo mật thông tin,3,2026-09-10,Thứ Năm,4,4,6,09:40,12:10,A305,Nhà A,Phạm Quốc Bảo,Trực tiếp,Lý thuyết,Đã lên lịch,
LH0047,2026-2027,HK1,B3D15,CS304,An toàn và bảo mật thông tin,3,2026-09-17,Thứ Năm,5,4,6,09:40,12:10,A305,Nhà A,Phạm Quốc Bảo,Trực tiếp,Lý thuyết,Đã lên lịch,
LH0048,2026-2027,HK1,B3D15,CS304,An toàn và bảo mật thông tin,3,2026-09-24,Thứ Năm,6,4,6,09:40,12:10,A305,Nhà A,Phạm Quốc Bảo,Trực tiếp,Lý thuyết,Đã lên lịch,
LH0049,2026-2027,HK1,B3D15,CS304,An toàn và bảo mật thông tin,3,2026-10-01,Thứ Năm,7,4,6,09:40,12:10,A305,Nhà A,Phạm Quốc Bảo,Trực tiếp,Kiểm tra giữa kỳ,Đã lên lịch,Kiểm tra giữa kỳ tại lớp.
LH0050,2026-2027,HK1,B3D15,CS304,An toàn và bảo mật thông tin,3,2026-10-08,Thứ Năm,8,4,6,09:40,12:10,A305,Nhà A,Phạm Quốc Bảo,Trực tiếp,Lý thuyết,Đã lên lịch,
LH0051,2026-2027,HK1,B3D15,CS304,An toàn và bảo mật thông tin,3,2026-10-15,Thứ Năm,9,4,6,09:40,12:10,A305,Nhà A,Phạm Quốc Bảo,Trực tiếp,Lý thuyết,Đã lên lịch,
LH0052,2026-2027,HK1,B3D15,CS304,An toàn và bảo mật thông tin,3,2026-10-22,Thứ Năm,10,4,6,09:40,12:10,A305,Nhà A,Phạm Quốc Bảo,Trực tiếp,Lý thuyết,Đã lên lịch,
LH0053,2026-2027,HK1,B3D15,CS304,An toàn và bảo mật thông tin,3,2026-10-29,Thứ Năm,11,4,6,09:40,12:10,A305,Nhà A,Phạm Quốc Bảo,Trực tiếp,Lý thuyết,Đã lên lịch,
LH0054,2026-2027,HK1,B3D15,CS304,An toàn và bảo mật thông tin,3,2026-11-05,Thứ Năm,12,4,6,09:40,12:10,A305,Nhà A,Phạm Quốc Bảo,Trực tiếp,Lý thuyết,Đã lên lịch,
LH0055,2026-2027,HK1,B3D15,CS304,An toàn và bảo mật thông tin,3,2026-11-12,Thứ Năm,13,4,6,09:40,12:10,A305,Nhà A,Phạm Quốc Bảo,Trực tiếp,Lý thuyết,Đã lên lịch,
LH0056,2026-2027,HK1,B3D15,CS304,An toàn và bảo mật thông tin,3,2026-11-19,Thứ Năm,14,4,6,09:40,12:10,A305,Nhà A,Phạm Quốc Bảo,Trực tiếp,Ôn tập,Đã lên lịch,Ôn tập và giải đáp trước kỳ thi.
LH0057,2026-2027,HK1,B3D15,CS305,Công nghệ phần mềm,3,2026-08-21,Thứ Sáu,1,1,3,07:00,09:30,A203,Nhà A,Vũ Thị Lan,Trực tiếp,Lý thuyết,Đã lên lịch,
LH0058,2026-2027,HK1,B3D15,CS305,Công nghệ phần mềm,3,2026-08-28,Thứ Sáu,2,1,3,07:00,09:30,A203,Nhà A,Vũ Thị Lan,Trực tiếp,Lý thuyết,Đã lên lịch,
LH0059,2026-2027,HK1,B3D15,CS305,Công nghệ phần mềm,3,2026-09-04,Thứ Sáu,3,1,3,07:00,09:30,A203,Nhà A,Vũ Thị Lan,Trực tiếp,Lý thuyết,Đã lên lịch,
LH0060,2026-2027,HK1,B3D15,CS305,Công nghệ phần mềm,3,2026-09-11,Thứ Sáu,4,1,3,07:00,09:30,A203,Nhà A,Vũ Thị Lan,Trực tiếp,Lý thuyết,Đã lên lịch,
LH0061,2026-2027,HK1,B3D15,CS305,Công nghệ phần mềm,3,2026-09-18,Thứ Sáu,5,1,3,07:00,09:30,A203,Nhà A,Vũ Thị Lan,Trực tiếp,Lý thuyết,Đã lên lịch,
LH0062,2026-2027,HK1,B3D15,CS305,Công nghệ phần mềm,3,2026-09-25,Thứ Sáu,6,1,3,07:00,09:30,A203,Nhà A,Vũ Thị Lan,Trực tiếp,Lý thuyết,Đã lên lịch,
LH0063,2026-2027,HK1,B3D15,CS305,Công nghệ phần mềm,3,2026-10-02,Thứ Sáu,7,1,3,07:00,09:30,A203,Nhà A,Vũ Thị Lan,Trực tiếp,Kiểm tra giữa kỳ,Đã lên lịch,Kiểm tra giữa kỳ tại lớp.
LH0064,2026-2027,HK1,B3D15,CS305,Công nghệ phần mềm,3,2026-10-09,Thứ Sáu,8,1,3,07:00,09:30,A203,Nhà A,Vũ Thị Lan,Trực tiếp,Lý thuyết,Đã lên lịch,
LH0065,2026-2027,HK1,B3D15,CS305,Công nghệ phần mềm,3,2026-10-16,Thứ Sáu,9,1,3,07:00,09:30,A203,Nhà A,Vũ Thị Lan,Trực tiếp,Lý thuyết,Đã lên lịch,
LH0066,2026-2027,HK1,B3D15,CS305,Công nghệ phần mềm,3,2026-10-23,Thứ Sáu,10,1,3,07:00,09:30,A203,Nhà A,Vũ Thị Lan,Trực tiếp,Lý thuyết,Đã lên lịch,
LH0067,2026-2027,HK1,B3D15,CS305,Công nghệ phần mềm,3,2026-10-30,Thứ Sáu,11,1,3,07:00,09:30,A203,Nhà A,Vũ Thị Lan,Trực tiếp,Lý thuyết,Đã lên lịch,
LH0068,2026-2027,HK1,B3D15,CS305,Công nghệ phần mềm,3,2026-11-06,Thứ Sáu,12,1,3,07:00,09:30,A203,Nhà A,Vũ Thị Lan,Trực tiếp,Lý thuyết,Đã lên lịch,
LH0069,2026-2027,HK1,B3D15,CS305,Công nghệ phần mềm,3,2026-11-13,Thứ Sáu,13,1,3,07:00,09:30,A203,Nhà A,Vũ Thị Lan,Trực tiếp,Lý thuyết,Đã lên lịch,
LH0070,2026-2027,HK1,B3D15,CS305,Công nghệ phần mềm,3,2026-11-20,Thứ Sáu,14,1,3,07:00,09:30,A203,Nhà A,Vũ Thị Lan,Trực tiếp,Ôn tập,Đã lên lịch,Ôn tập và giải đáp trước kỳ thi.
LH0071,2026-2027,HK1,B3D15,CS306,Xử lý ngôn ngữ tự nhiên,3,2026-08-22,Thứ Bảy,1,1,3,07:00,09:30,B303,Nhà B,Đỗ Minh Tuấn,Trực tiếp,Lý thuyết,Đã lên lịch,
LH0072,2026-2027,HK1,B3D15,CS306,Xử lý ngôn ngữ tự nhiên,3,2026-08-29,Thứ Bảy,2,1,3,07:00,09:30,B303,Nhà B,Đỗ Minh Tuấn,Trực tiếp,Lý thuyết,Đã lên lịch,
LH0073,2026-2027,HK1,B3D15,CS306,Xử lý ngôn ngữ tự nhiên,3,2026-09-05,Thứ Bảy,3,1,3,07:00,09:30,B303,Nhà B,Đỗ Minh Tuấn,Trực tiếp,Lý thuyết,Đã lên lịch,
LH0074,2026-2027,HK1,B3D15,CS306,Xử lý ngôn ngữ tự nhiên,3,2026-09-12,Thứ Bảy,4,1,3,07:00,09:30,B303,Nhà B,Đỗ Minh Tuấn,Trực tiếp,Lý thuyết,Đã lên lịch,
LH0075,2026-2027,HK1,B3D15,CS306,Xử lý ngôn ngữ tự nhiên,3,2026-09-19,Thứ Bảy,5,1,3,07:00,09:30,B303,Nhà B,Đỗ Minh Tuấn,Trực tiếp,Lý thuyết,Đã lên lịch,
LH0076,2026-2027,HK1,B3D15,CS306,Xử lý ngôn ngữ tự nhiên,3,2026-09-26,Thứ Bảy,6,1,3,07:00,09:30,B303,Nhà B,Đỗ Minh Tuấn,Trực tiếp,Lý thuyết,Đã lên lịch,
LH0077,2026-2027,HK1,B3D15,CS306,Xử lý ngôn ngữ tự nhiên,3,2026-10-03,Thứ Bảy,7,1,3,07:00,09:30,B303,Nhà B,Đỗ Minh Tuấn,Trực tiếp,Lý thuyết,Đã lên lịch,
LH0078,2026-2027,HK1,B3D15,CS306,Xử lý ngôn ngữ tự nhiên,3,2026-10-10,Thứ Bảy,8,1,3,07:00,09:30,B303,Nhà B,Đỗ Minh Tuấn,Trực tiếp,Lý thuyết,Đã lên lịch,
LH0079,2026-2027,HK1,B3D15,CS306,Xử lý ngôn ngữ tự nhiên,3,2026-10-17,Thứ Bảy,9,1,3,07:00,09:30,B303,Nhà B,Đỗ Minh Tuấn,Trực tiếp,Lý thuyết,Đã lên lịch,
LH0080,2026-2027,HK1,B3D15,CS306,Xử lý ngôn ngữ tự nhiên,3,2026-10-24,Thứ Bảy,10,1,3,07:00,09:30,B303,Nhà B,Đỗ Minh Tuấn,Trực tiếp,Lý thuyết,Đã lên lịch,
LH0081,2026-2027,HK1,B3D15,CS306,Xử lý ngôn ngữ tự nhiên,3,2026-10-31,Thứ Bảy,11,1,3,07:00,09:30,B303,Nhà B,Đỗ Minh Tuấn,Trực tiếp,Lý thuyết,Đã lên lịch,
LH0082,2026-2027,HK1,B3D15,CS306,Xử lý ngôn ngữ tự nhiên,3,2026-11-07,Thứ Bảy,12,1,3,07:00,09:30,B303,Nhà B,Đỗ Minh Tuấn,Trực tiếp,Lý thuyết,Đã lên lịch,
LH0083,2026-2027,HK1,B3D15,CS306,Xử lý ngôn ngữ tự nhiên,3,2026-11-14,Thứ Bảy,13,1,3,07:00,09:30,B303,Nhà B,Đỗ Minh Tuấn,Trực tiếp,Lý thuyết,Đã lên lịch,
LH0084,2026-2027,HK1,B3D15,CS306,Xử lý ngôn ngữ tự nhiên,3,2026-11-21,Thứ Bảy,14,1,3,07:00,09:30,B303,Nhà B,Đỗ Minh Tuấn,Trực tiếp,Ôn tập,Đã lên lịch,Ôn tập và giải đáp trước kỳ thi.
LH0085,2026-2027,HK1,B3D15,GE201,Pháp luật đại cương,2,2026-08-17,Thứ Hai,1,7,8,13:30,15:10,C101,Nhà C,Ngô Thị Hương,Trực tiếp,Lý thuyết,Đã lên lịch,
LH0086,2026-2027,HK1,B3D15,GE201,Pháp luật đại cương,2,2026-08-24,Thứ Hai,2,7,8,13:30,15:10,C101,Nhà C,Ngô Thị Hương,Trực tiếp,Lý thuyết,Đã lên lịch,
LH0087,2026-2027,HK1,B3D15,GE201,Pháp luật đại cương,2,2026-08-31,Thứ Hai,3,7,8,13:30,15:10,C101,Nhà C,Ngô Thị Hương,Trực tiếp,Lý thuyết,Đã lên lịch,
LH0088,2026-2027,HK1,B3D15,GE201,Pháp luật đại cương,2,2026-09-07,Thứ Hai,4,7,8,13:30,15:10,C101,Nhà C,Ngô Thị Hương,Trực tiếp,Lý thuyết,Đã lên lịch,
LH0089,2026-2027,HK1,B3D15,GE201,Pháp luật đại cương,2,2026-09-14,Thứ Hai,5,7,8,13:30,15:10,C101,Nhà C,Ngô Thị Hương,Trực tiếp,Lý thuyết,Đã lên lịch,
LH0090,2026-2027,HK1,B3D15,GE201,Pháp luật đại cương,2,2026-09-21,Thứ Hai,6,7,8,13:30,15:10,C101,Nhà C,Ngô Thị Hương,Trực tiếp,Lý thuyết,Đã lên lịch,
LH0091,2026-2027,HK1,B3D15,GE201,Pháp luật đại cương,2,2026-09-28,Thứ Hai,7,7,8,13:30,15:10,C101,Nhà C,Ngô Thị Hương,Trực tiếp,Lý thuyết,Đã lên lịch,
LH0092,2026-2027,HK1,B3D15,GE201,Pháp luật đại cương,2,2026-10-05,Thứ Hai,8,7,8,13:30,15:10,C101,Nhà C,Ngô Thị Hương,Trực tiếp,Lý thuyết,Đã lên lịch,
LH0093,2026-2027,HK1,B3D15,GE201,Pháp luật đại cương,2,2026-10-12,Thứ Hai,9,7,8,13:30,15:10,C101,Nhà C,Ngô Thị Hương,Trực tiếp,Lý thuyết,Đã lên lịch,
LH0094,2026-2027,HK1,B3D15,GE201,Pháp luật đại cương,2,2026-10-19,Thứ Hai,10,7,8,13:30,15:10,C101,Nhà C,Ngô Thị Hương,Trực tiếp,Lý thuyết,Đã lên lịch,
LH0095,2026-2027,HK1,B3D15,GE201,Pháp luật đại cương,2,2026-10-26,Thứ Hai,11,7,8,13:30,15:10,C101,Nhà C,Ngô Thị Hương,Trực tiếp,Lý thuyết,Đã lên lịch,
LH0096,2026-2027,HK1,B3D15,GE201,Pháp luật đại cương,2,2026-11-02,Thứ Hai,12,7,8,13:30,15:10,C101,Nhà C,Ngô Thị Hương,Trực tiếp,Lý thuyết,Đã lên lịch,
LH0097,2026-2027,HK1,B3D15,GE201,Pháp luật đại cương,2,2026-11-09,Thứ Hai,13,7,8,13:30,15:10,C101,Nhà C,Ngô Thị Hương,Trực tiếp,Lý thuyết,Đã lên lịch,
LH0098,2026-2027,HK1,B3D15,GE201,Pháp luật đại cương,2,2026-11-16,Thứ Hai,14,7,8,13:30,15:10,C101,Nhà C,Ngô Thị Hương,Trực tiếp,Ôn tập,Đã lên lịch,Ôn tập và giải đáp trước kỳ thi.
LH0099,2026-2027,HK1,B3D15,PE201,Giáo dục thể chất 3,2,2026-08-19,Thứ Tư,1,7,8,13:30,15:10,SVD01,Sân vận động,Hoàng Đức Long,Trực tiếp,Thực hành,Đã lên lịch,
LH0100,2026-2027,HK1,B3D15,PE201,Giáo dục thể chất 3,2,2026-08-26,Thứ Tư,2,7,8,13:30,15:10,SVD01,Sân vận động,Hoàng Đức Long,Trực tiếp,Thực hành,Đã lên lịch,
LH0101,2026-2027,HK1,B3D15,PE201,Giáo dục thể chất 3,2,2026-09-02,Thứ Tư,3,7,8,13:30,15:10,SVD01,Sân vận động,Hoàng Đức Long,Trực tiếp,Thực hành,Nghỉ lễ,Nghỉ Quốc khánh 02/09; học bù theo lịch riêng.
LH0102,2026-2027,HK1,B3D15,PE201,Giáo dục thể chất 3,2,2026-09-09,Thứ Tư,4,7,8,13:30,15:10,SVD01,Sân vận động,Hoàng Đức Long,Trực tiếp,Thực hành,Đã lên lịch,
LH0103,2026-2027,HK1,B3D15,PE201,Giáo dục thể chất 3,2,2026-09-16,Thứ Tư,5,7,8,13:30,15:10,SVD01,Sân vận động,Hoàng Đức Long,Trực tiếp,Thực hành,Đã lên lịch,
LH0104,2026-2027,HK1,B3D15,PE201,Giáo dục thể chất 3,2,2026-09-23,Thứ Tư,6,7,8,13:30,15:10,SVD01,Sân vận động,Hoàng Đức Long,Trực tiếp,Thực hành,Đã lên lịch,
LH0105,2026-2027,HK1,B3D15,PE201,Giáo dục thể chất 3,2,2026-09-30,Thứ Tư,7,7,8,13:30,15:10,SVD01,Sân vận động,Hoàng Đức Long,Trực tiếp,Thực hành,Đã lên lịch,
LH0106,2026-2027,HK1,B3D15,PE201,Giáo dục thể chất 3,2,2026-10-07,Thứ Tư,8,7,8,13:30,15:10,SVD01,Sân vận động,Hoàng Đức Long,Trực tiếp,Thực hành,Đã lên lịch,
LH0107,2026-2027,HK1,B3D15,PE201,Giáo dục thể chất 3,2,2026-10-14,Thứ Tư,9,7,8,13:30,15:10,SVD01,Sân vận động,Hoàng Đức Long,Trực tiếp,Thực hành,Đã lên lịch,
LH0108,2026-2027,HK1,B3D15,PE201,Giáo dục thể chất 3,2,2026-10-21,Thứ Tư,10,7,8,13:30,15:10,SVD01,Sân vận động,Hoàng Đức Long,Trực tiếp,Thực hành,Đã lên lịch,
LH0109,2026-2027,HK1,B3D15,PE201,Giáo dục thể chất 3,2,2026-10-28,Thứ Tư,11,7,8,13:30,15:10,SVD01,Sân vận động,Hoàng Đức Long,Trực tiếp,Thực hành,Đã lên lịch,
LH0110,2026-2027,HK1,B3D15,PE201,Giáo dục thể chất 3,2,2026-11-04,Thứ Tư,12,7,8,13:30,15:10,SVD01,Sân vận động,Hoàng Đức Long,Trực tiếp,Thực hành,Đã lên lịch,
LH0111,2026-2027,HK1,B3D15,PE201,Giáo dục thể chất 3,2,2026-11-11,Thứ Tư,13,7,8,13:30,15:10,SVD01,Sân vận động,Hoàng Đức Long,Trực tiếp,Thực hành,Đã lên lịch,
LH0112,2026-2027,HK1,B3D15,PE201,Giáo dục thể chất 3,2,2026-11-18,Thứ Tư,14,7,8,13:30,15:10,SVD01,Sân vận động,Hoàng Đức Long,Trực tiếp,Ôn tập,Đã lên lịch,Ôn tập và giải đáp trước kỳ thi.
LH0113,2026-2027,HK1,B3D15,CS303,Hệ quản trị cơ sở dữ liệu,3,2026-09-05,Thứ Bảy,3,7,9,13:30,16:00,B204,Nhà B,Lê Hoàng Anh,Trực tiếp,Học bù,Đã lên lịch,Học bù cho buổi nghỉ Quốc khánh ngày 02/09/2026.
